datetime,y_true,y_pred_sarima
2017-01-01 00:00:00,485.0,511.6600215073283
2017-01-01 01:00:00,477.0,543.984775507264
2017-01-01 02:00:00,454.0,511.3905652440043
2017-01-01 03:00:00,418.0,432.56859812661696
2017-01-01 04:00:00,438.0,375.98497529288295
2017-01-01 05:00:00,453.0,350.77393370383356
2017-01-01 06:00:00,433.0,307.6555628663688
2017-01-01 07:00:00,416.0,251.89886456516737
2017-01-01 08:00:00,421.0,244.74166418199087
2017-01-01 09:00:00,424.0,258.2771069477189
2017-01-01 10:00:00,413.0,215.25385092725264
2017-01-01 11:00:00,425.0,189.44925125205344
2017-01-01 12:00:00,381.0,210.76427991510712
2017-01-01 13:00:00,466.0,227.40643696142016
2017-01-01 14:00:00,542.0,237.41320173731543
2017-01-01 15:00:00,568.0,319.4006381036697
2017-01-01 16:00:00,568.0,338.25842241906275
2017-01-01 17:00:00,543.0,362.04124038803724
2017-01-01 18:00:00,522.0,387.2430607791815
2017-01-01 19:00:00,487.0,425.15725860669
2017-01-01 20:00:00,475.0,420.4238349104233
2017-01-01 21:00:00,459.0,414.7785026779963
2017-01-01 22:00:00,453.0,424.3694328846804
2017-01-01 23:00:00,417.0,438.65202533968284
2017-01-02 00:00:00,395.0,466.03276991095834
2017-01-02 01:00:00,420.0,486.3942878087852
2017-01-02 02:00:00,453.0,463.04381288635113
2017-01-02 03:00:00,429.0,407.9448209000556
2017-01-02 04:00:00,211.0,380.4926844502928
2017-01-02 05:00:00,116.0,354.90235960645225
2017-01-02 06:00:00,51.0,288.4047019101979
2017-01-02 07:00:00,38.0,233.24605163606117
2017-01-02 08:00:00,21.0,231.40058627695822
2017-01-02 09:00:00,16.0,271.1060486723285
2017-01-02 10:00:00,23.0,216.82500475446676
2017-01-02 11:00:00,18.0,176.30348127460448
2017-01-02 12:00:00,58.0,203.53494493706745
2017-01-02 13:00:00,176.0,226.4981199136985
2017-01-02 14:00:00,109.0,244.68017942585075
2017-01-02 15:00:00,267.0,366.32898901345834
2017-01-02 16:00:00,260.0,375.4042044810102
2017-01-02 17:00:00,212.0,407.16832967833244
2017-01-02 18:00:00,183.0,419.0971045484564
2017-01-02 19:00:00,136.0,417.42883485407214
2017-01-02 20:00:00,137.0,416.1786074808602
2017-01-02 21:00:00,125.0,424.3260825895772
2017-01-02 22:00:00,153.0,449.1098248453418
2017-01-02 23:00:00,165.0,466.01709550116834
2017-01-03 00:00:00,225.0,498.790941799502
2017-01-03 01:00:00,275.0,524.4269352136082
2017-01-03 02:00:00,293.0,495.9771467814967
2017-01-03 03:00:00,293.0,428.7049759714347
2017-01-03 04:00:00,287.0,386.4557527811418
2017-01-03 05:00:00,305.0,360.5807112792586
2017-01-03 06:00:00,304.0,305.1136301915441
2017-01-03 07:00:00,266.0,249.24327604175372
2017-01-03 08:00:00,240.0,244.39676163950134
2017-01-03 09:00:00,237.0,270.88683422663183
2017-01-03 10:00:00,232.0,221.78098832200155
2017-01-03 11:00:00,155.0,188.1525315351334
2017-01-03 12:00:00,167.0,212.16941205780677
2017-01-03 13:00:00,170.0,231.73734242531637
2017-01-03 14:00:00,179.0,245.63096930780534
2017-01-03 15:00:00,244.0,347.55419209795184
2017-01-03 16:00:00,296.0,361.1854021716664
2017-01-03 17:00:00,295.0,388.80130976323096
2017-01-03 18:00:00,328.0,407.0266011627228
2017-01-03 19:00:00,397.0,424.57979346905694
2017-01-03 20:00:00,437.0,421.42664716290307
2017-01-03 21:00:00,464.0,422.622487481291
2017-01-03 22:00:00,483.0,439.77798394403294
2017-01-03 23:00:00,447.0,455.2352170627428
2017-01-04 00:00:00,440.0,485.20963405555744
2017-01-04 01:00:00,463.0,508.11320480819865
2017-01-04 02:00:00,467.0,482.030626516092
2017-01-04 03:00:00,463.0,420.6052519284508
2017-01-04 04:00:00,473.0,385.49796666439846
2017-01-04 05:00:00,488.0,359.6492659761449
2017-01-04 06:00:00,500.0,298.66162303453495
2017-01-04 07:00:00,392.0,243.03985670733232
2017-01-04 08:00:00,338.0,239.57131841709182
2017-01-04 09:00:00,338.0,272.457930566016
2017-01-04 10:00:00,441.0,220.72785760568976
2017-01-04 11:00:00,333.0,183.63691563157315
2017-01-04 12:00:00,167.0,209.15662041796966
2017-01-04 13:00:00,216.0,230.3203535638124
2017-01-04 14:00:00,291.0,246.2522143721662
2017-01-04 15:00:00,325.0,357.79390253842865
2017-01-04 16:00:00,367.0,369.1300274193839
2017-01-04 17:00:00,322.0,398.72619174040653
2017-01-04 18:00:00,298.0,413.8087729766578
2017-01-04 19:00:00,304.0,421.87884050871014
2017-01-04 20:00:00,346.0,419.6130525371018
2017-01-04 21:00:00,356.0,424.1767933821483
2017-01-04 22:00:00,380.0,445.0347923647003
2017-01-04 23:00:00,328.0,461.1647070912148
2017-01-05 00:00:00,203.0,492.4763189932042
2017-01-05 01:00:00,168.0,516.6863143507579
2017-01-05 02:00:00,159.0,489.4093054917129
2017-01-05 03:00:00,168.0,425.08363318003734
2017-01-05 04:00:00,175.0,386.4421784375785
2017-01-05 05:00:00,256.0,360.5532417077257
2017-01-05 06:00:00,336.0,302.24930036303954
2017-01-05 07:00:00,284.0,246.48127643131423
2017-01-05 08:00:00,275.0,242.31358483456464
2017-01-05 09:00:00,271.0,272.0392989278555
2017-01-05 10:00:00,276.0,221.57687129181392
2017-01-05 11:00:00,267.0,186.16615256240624
2017-01-05 12:00:00,249.0,210.93025776972453
2017-01-05 13:00:00,239.0,231.29379675133478
2017-01-05 14:00:00,223.0,246.20930112014497
2017-01-05 15:00:00,206.0,353.01525261947853
2017-01-05 16:00:00,162.0,365.4635623592211
2017-01-05 17:00:00,184.0,394.07443514469696
2017-01-05 18:00:00,183.0,410.68679802913096
2017-01-05 19:00:00,191.0,423.39918720340626
2017-01-05 20:00:00,219.0,420.6866761193525
2017-01-05 21:00:00,199.0,423.5869143617548
2017-01-05 22:00:00,180.0,442.61780020927375
2017-01-05 23:00:00,184.0,458.40818159587036
2017-01-06 00:00:00,184.0,489.0546643183714
2017-01-06 01:00:00,184.0,512.6151418127073
2017-01-06 02:00:00,176.0,485.9164902122325
2017-01-06 03:00:00,159.0,423.00685039060073
2017-01-06 04:00:00,158.0,386.0929525937738
2017-01-06 05:00:00,171.0,360.2171868552345
2017-01-06 06:00:00,169.0,300.5899136993418
2017-01-06 07:00:00,177.0,244.88783082125371
2017-01-06 08:00:00,170.0,241.05777240334055
2017-01-06 09:00:00,175.0,272.3296366051706
2017-01-06 10:00:00,211.0,221.2401726756518
2017-01-06 11:00:00,216.0,185.00021005862143
2017-01-06 12:00:00,193.0,210.13081440129992
2017-01-06 13:00:00,188.0,230.88298915666752
2017-01-06 14:00:00,200.0,246.29345525608687
2017-01-06 15:00:00,214.0,355.42002549452525
2017-01-06 16:00:00,215.0,367.31906138343396
2017-01-06 17:00:00,221.0,396.41027816687773
2017-01-06 18:00:00,211.0,412.26879795458586
2017-01-06 19:00:00,217.0,422.6999154471815
2017-01-06 20:00:00,220.0,420.2039504549107
2017-01-06 21:00:00,235.0,423.9180736696573
2017-01-06 22:00:00,239.0,443.843289530998
2017-01-06 23:00:00,235.0,459.7980496930957
2017-01-07 00:00:00,241.0,490.7688406123817
2017-01-07 01:00:00,239.0,514.646087137314
2017-01-07 02:00:00,224.0,487.66169128160266
2017-01-07 03:00:00,208.0,424.0552934942565
2017-01-07 04:00:00,206.0,386.29184732642733
2017-01-07 05:00:00,200.0,360.40803363137735
2017-01-07 06:00:00,181.0,301.42874605580784
2017-01-07 07:00:00,173.0,245.69289337915126
2017-01-07 08:00:00,166.0,241.69580237500242
2017-01-07 09:00:00,154.0,272.2075822147973
2017-01-07 10:00:00,142.0,221.42468420413385
2017-01-07 11:00:00,167.0,185.59059679308052
2017-01-07 12:00:00,196.0,210.540281426217
2017-01-07 13:00:00,184.0,231.10073224935053
2017-01-07 14:00:00,156.0,246.26734744299281
2017-01-07 15:00:00,115.0,354.2541059064705
2017-01-07 16:00:00,99.0,366.4218952411372
2017-01-07 17:00:00,95.0,395.27658674193555
2017-01-07 18:00:00,102.0,411.5043527956394
2017-01-07 19:00:00,96.0,423.0544055396005
2017-01-07 20:00:00,100.0,420.45151136592733
2017-01-07 21:00:00,111.0,423.7655748675503
2017-01-07 22:00:00,93.0,443.25128469559894
2017-01-07 23:00:00,78.0,459.1248249268811
2017-01-08 00:00:00,66.0,489.9359354998779
2017-01-08 01:00:00,66.0,513.65723137866
2017-01-08 02:00:00,22.0,486.8126202715632
2017-01-08 03:00:00,23.0,423.5477549313599
2017-01-08 04:00:00,19.0,386.20085396054407
2017-01-08 05:00:00,24.0,360.3206087152837
2017-01-08 06:00:00,16.0,301.0229368037518
2017-01-08 07:00:00,15.0,245.30331927119323
2017-01-08 08:00:00,18.0,241.38788697529273
2017-01-08 09:00:00,20.0,272.2724078387917
2017-01-08 10:00:00,15.0,221.33876680061155
2017-01-08 11:00:00,22.0,185.30521267806418
2017-01-08 12:00:00,18.0,210.3434391128022
2017-01-08 13:00:00,28.0,230.9977488452223
2017-01-08 14:00:00,22.0,246.28382001682832
2017-01-08 15:00:00,17.0,354.82977604623005
2017-01-08 16:00:00,14.0,366.86546524539654
2017-01-08 17:00:00,13.0,395.8360538380067
2017-01-08 18:00:00,14.0,411.8824210959421
2017-01-08 19:00:00,15.0,422.8831452851609
2017-01-08 20:00:00,21.0,420.3325742358081
2017-01-08 21:00:00,15.0,423.8428354420433
2017-01-08 22:00:00,13.0,443.54411134045694
2017-01-08 23:00:00,10.0,459.4573823899818
2017-01-09 00:00:00,10.0,490.34673892672356
2017-01-09 01:00:00,8.0,514.1444573862622
2017-01-09 02:00:00,9.0,487.2311315683625
2017-01-09 03:00:00,11.0,423.7985420686073
2017-01-09 04:00:00,6.0,386.24710738123497
2017-01-09 05:00:00,6.0,360.365018924407
2017-01-09 06:00:00,10.0,301.2235203255102
2017-01-09 07:00:00,11.0,245.4958531692254
2017-01-09 08:00:00,9.0,241.54026671161182
2017-01-09 09:00:00,16.0,272.2417775278531
2017-01-09 10:00:00,13.0,221.38205139536709
2017-01-09 11:00:00,12.0,185.44632921178487
2017-01-09 12:00:00,17.0,210.4410395698123
2017-01-09 13:00:00,7.0,231.04922713431128
2017-01-09 14:00:00,15.0,246.27661664192505
2017-01-09 15:00:00,17.0,354.5480732993109
2017-01-09 16:00:00,34.0,366.64854810484525
2017-01-09 17:00:00,37.0,395.56221047918876
2017-01-09 18:00:00,50.0,411.69756398787877
2017-01-09 19:00:00,62.0,422.9678531508497
2017-01-09 20:00:00,87.0,420.3915647043062
2017-01-09 21:00:00,114.0,423.8054984692416
2017-01-09 22:00:00,127.0,443.4009431722839
2017-01-09 23:00:00,120.0,459.29468315395866
2017-01-10 00:00:00,51.0,490.14560759009714
2017-01-10 01:00:00,70.0,513.9057905612207
2017-01-10 02:00:00,19.0,487.02616281325396
2017-01-10 03:00:00,7.0,423.6758657610185
2017-01-10 04:00:00,5.0,386.2247907211425
2017-01-10 05:00:00,10.0,360.34358477421415
2017-01-10 06:00:00,10.0,301.1254170164312
2017-01-10 07:00:00,11.0,245.40168089022123
2017-01-10 08:00:00,8.0,241.46578318298216
2017-01-10 09:00:00,3.0,272.25709606762746
2017-01-10 10:00:00,6.0,221.36107678983853
2017-01-10 11:00:00,3.0,185.3773241652673
2017-01-10 12:00:00,3.0,210.3933771789229
2017-01-10 13:00:00,3.0,231.02418728384404
2017-01-10 14:00:00,3.0,246.28036420061505
2017-01-10 15:00:00,3.0,354.6865302046579
2017-01-10 16:00:00,5.0,366.7551973586045
2017-01-10 17:00:00,7.0,395.69678770111113
2017-01-10 18:00:00,8.0,411.78845741060167
2017-01-10 19:00:00,13.0,422.9264371173861
2017-01-10 20:00:00,81.0,420.36276142882826
2017-01-10 21:00:00,91.0,423.82396318433575
2017-01-10 22:00:00,84.0,443.47134071932817
2017-01-10 23:00:00,87.0,459.37465875107017
2017-01-11 00:00:00,91.0,490.2444381146549
2017-01-11 01:00:00,94.0,514.0230363776034
2017-01-11 02:00:00,97.0,487.12686358652735
2017-01-11 03:00:00,112.0,423.7361722192169
2017-01-11 04:00:00,98.0,386.23583600717564
2017-01-11 05:00:00,68.0,360.35419160611656
2017-01-11 06:00:00,60.0,301.17364729086097
2017-01-11 07:00:00,33.0,245.44797712300732
2017-01-11 08:00:00,28.0,241.50241191378146
2017-01-11 09:00:00,20.0,272.2496466321612
2017-01-11 10:00:00,32.0,221.37143571032658
2017-01-11 11:00:00,3.0,185.41125221808164
2017-01-11 12:00:00,3.0,210.4168269512482
2017-01-11 13:00:00,39.0,231.03653082346872
2017-01-11 14:00:00,37.0,246.27857604199477
2017-01-11 15:00:00,46.0,354.6186250913416
2017-01-11 16:00:00,50.0,366.7029003512675
2017-01-11 17:00:00,66.0,395.6307813098311
2017-01-11 18:00:00,58.0,411.7438881310853
2017-01-11 19:00:00,38.0,422.94680168494443
2017-01-11 20:00:00,36.0,420.37693359187136
2017-01-11 21:00:00,31.0,423.8149346244553
2017-01-11 22:00:00,22.0,443.436822097404
2017-01-11 23:00:00,22.0,459.3354374858761
2017-01-12 00:00:00,31.0,490.19596131225984
2017-01-12 01:00:00,26.0,513.965519906209
2017-01-12 02:00:00,23.0,487.0774657254409
2017-01-12 03:00:00,26.0,423.70659804285003
2017-01-12 04:00:00,31.0,386.23043736423733
2017-01-12 05:00:00,32.0,360.349006869245
2017-01-12 06:00:00,22.0,301.1499961325793
2017-01-12 07:00:00,19.0,245.42527403382903
2017-01-12 08:00:00,16.0,241.48445246496024
2017-01-12 09:00:00,26.0,272.253319298266
2017-01-12 10:00:00,27.0,221.36636725835126
2017-01-12 11:00:00,20.0,185.39461537104432
2017-01-12 12:00:00,25.0,210.40533189342065
2017-01-12 13:00:00,45.0,231.03048579634705
2017-01-12 14:00:00,84.0,246.27946596002965
2017-01-12 15:00:00,80.0,354.65196384610715
2017-01-12 16:00:00,94.0,366.72857813439816
2017-01-12 17:00:00,97.0,395.6631868930716
2017-01-12 18:00:00,93.0,411.76577199920143
2017-01-12 19:00:00,121.0,422.93681610583735
2017-01-12 20:00:00,108.0,420.36998665656097
2017-01-12 21:00:00,33.0,423.81937387726816
2017-01-12 22:00:00,19.0,443.45377115187375
2017-01-12 23:00:00,15.0,459.3546941100009
2017-01-13 00:00:00,5.0,490.21976004662383
2017-01-13 01:00:00,20.0,513.9937548287776
2017-01-13 02:00:00,9.0,487.1017157454729
2017-01-13 03:00:00,14.0,423.7211184471803
2017-01-13 04:00:00,8.0,386.23309232871827
2017-01-13 05:00:00,10.0,360.35155654180454
2017-01-13 06:00:00,13.0,301.16160865045674
2017-01-13 07:00:00,17.0,245.43642097441125
2017-01-13 08:00:00,22.0,241.49327101532532
2017-01-13 09:00:00,8.0,272.25152077749624
2017-01-13 10:00:00,8.0,221.36885856198538
2017-01-13 11:00:00,20.0,185.40278411180964
2017-01-13 12:00:00,13.0,210.410976891081
2017-01-13 13:00:00,7.0,231.0334557807805
2017-01-13 14:00:00,15.0,246.27903216102246
2017-01-13 15:00:00,9.0,354.6356043091663
2017-01-13 16:00:00,15.0,366.71597836547375
2017-01-13 17:00:00,17.0,395.6472850349716
2017-01-13 18:00:00,18.0,411.7550339516462
2017-01-13 19:00:00,16.0,422.9417191322334
2017-01-13 20:00:00,21.0,420.3733982198256
2017-01-13 21:00:00,18.0,423.81719709274927
2017-01-13 22:00:00,15.0,443.4454545680812
2017-01-13 23:00:00,22.0,459.34524488770154
2017-01-14 00:00:00,17.0,490.2080815015793
2017-01-14 01:00:00,18.0,513.9798989522366
2017-01-14 02:00:00,17.0,487.08981553067963
2017-01-14 03:00:00,13.0,423.7139933474973
2017-01-14 04:00:00,21.0,386.231790590278
2017-01-14 05:00:00,18.0,360.35030640519375
2017-01-14 06:00:00,11.0,301.15591048913734
2017-01-14 07:00:00,9.0,245.4309512477328
2017-01-14 08:00:00,24.0,241.4889439771994
2017-01-14 09:00:00,19.0,272.2524044338928
2017-01-14 10:00:00,27.0,221.36763675980762
2017-01-14 11:00:00,31.0,185.3987758276793
2017-01-14 12:00:00,18.0,210.40820718591672
2017-01-14 13:00:00,12.0,231.03199889928675
2017-01-14 14:00:00,8.0,246.27924577905787
2017-01-14 15:00:00,11.0,354.64363408031
2017-01-14 16:00:00,18.0,366.7221628410232
2017-01-14 17:00:00,24.0,395.65509010662527
2017-01-14 18:00:00,31.0,411.760304641893
2017-01-14 19:00:00,38.0,422.93931330609354
2017-01-14 20:00:00,41.0,420.3717243584384
2017-01-14 21:00:00,44.0,423.81826590822726
2017-01-14 22:00:00,37.0,443.44953670900486
2017-01-14 23:00:00,31.0,459.349882890793
2017-01-15 00:00:00,37.0,490.21381361005854
2017-01-15 01:00:00,32.0,513.9866996507026
2017-01-15 02:00:00,48.0,487.09565638834954
2017-01-15 03:00:00,35.0,423.7174906058583
2017-01-15 04:00:00,35.0,386.2324297816873
2017-01-15 05:00:00,42.0,360.3509202530194
2017-01-15 06:00:00,22.0,301.1587073664868
2017-01-15 07:00:00,26.0,245.43363599571316
2017-01-15 08:00:00,17.0,241.49106788997534
2017-01-15 09:00:00,23.0,272.2519709753464
2017-01-15 10:00:00,22.0,221.36823662612775
2017-01-15 11:00:00,34.0,185.4007432591524
2017-01-15 12:00:00,48.0,210.40956672328926
2017-01-15 13:00:00,49.0,231.03271410467548
2017-01-15 14:00:00,48.0,246.279141109341
2017-01-15 15:00:00,53.0,354.6396933102714
2017-01-15 16:00:00,57.0,366.7191277144296
2017-01-15 17:00:00,76.0,395.6512595987447
2017-01-15 18:00:00,81.0,411.7577179749834
2017-01-15 19:00:00,76.0,422.9404941894781
2017-01-15 20:00:00,72.0,420.37254599342293
2017-01-15 21:00:00,72.0,423.817741457674
2017-01-15 22:00:00,74.0,443.4475333416744
2017-01-15 23:00:00,85.0,459.34760670566425
2017-01-16 00:00:00,86.0,490.21100044305246
2017-01-16 01:00:00,92.0,513.9833620248593
2017-01-16 02:00:00,94.0,487.0927898376934
2017-01-16 03:00:00,93.0,423.71577426563954
2017-01-16 04:00:00,97.0,386.2321161478021
2017-01-16 05:00:00,97.0,360.3506190531987
2017-01-16 06:00:00,89.0,301.1573347533617
2017-01-16 07:00:00,90.0,245.43231841073805
2017-01-16 08:00:00,87.0,241.4900255537444
2017-01-16 09:00:00,89.0,272.2521837681918
2017-01-16 10:00:00,66.0,221.36794227017015
2017-01-16 11:00:00,60.0,185.3997777127591
2017-01-16 12:00:00,72.0,210.40889952244248
2017-01-16 13:00:00,71.0,231.032363132891
2017-01-16 14:00:00,79.0,246.27919252159649
2017-01-16 15:00:00,96.0,354.6416274401323
2017-01-16 16:00:00,116.0,366.7206173612234
2017-01-16 17:00:00,122.0,395.6531396086676
2017-01-16 18:00:00,128.0,411.7589875180992
2017-01-16 19:00:00,120.0,422.9399146543972
2017-01-16 20:00:00,125.0,420.3721427721213
2017-01-16 21:00:00,138.0,423.81799888013296
2017-01-16 22:00:00,138.0,443.448516600245
2017-01-16 23:00:00,120.0,459.34872385902094
2017-01-17 00:00:00,127.0,490.21238114039056
2017-01-17 01:00:00,141.0,513.9850001200755
2017-01-17 02:00:00,146.0,487.0941967326385
2017-01-17 03:00:00,133.0,423.71661664754026
2017-01-17 04:00:00,141.0,386.23227009424437
2017-01-17 05:00:00,131.0,360.35076689608627
2017-01-17 06:00:00,120.0,301.158008434293
2017-01-17 07:00:00,111.0,245.43296508347626
2017-01-17 08:00:00,138.0,241.49053713625926
2017-01-17 09:00:00,155.0,272.2520793449853
2017-01-17 10:00:00,167.0,221.3680867497936
2017-01-17 11:00:00,157.0,185.40025160526326
2017-01-17 12:00:00,158.0,210.40922698922552
2017-01-17 13:00:00,154.0,231.03253539694026
2017-01-17 14:00:00,145.0,246.2791672989407
2017-01-17 15:00:00,137.0,354.6406781977753
2017-01-17 16:00:00,123.0,366.719886266206
2017-01-17 17:00:00,155.0,395.65221692678824
2017-01-17 18:00:00,169.0,411.75836444679334
2017-01-17 19:00:00,165.0,422.9401990918774
2017-01-17 20:00:00,167.0,420.3723406761206
2017-01-17 21:00:00,170.0,423.81787254632485
2017-01-17 22:00:00,171.0,443.4480340328934
2017-01-17 23:00:00,172.0,459.34817557707913
2017-01-18 00:00:00,73.0,490.21170351333996
2017-01-18 01:00:00,25.0,513.9841961643821
2017-01-18 02:00:00,66.0,487.093506247446
2017-01-18 03:00:00,57.0,423.71620321946904
2017-01-18 04:00:00,44.0,386.2321945432024
2017-01-18 05:00:00,34.0,360.35069434035813
2017-01-18 06:00:00,33.0,301.1576778022327
2017-01-18 07:00:00,31.0,245.432647706547
2017-01-18 08:00:00,25.0,241.49028606006226
2017-01-18 09:00:00,21.0,272.25213059808914
2017-01-18 10:00:00,22.0,221.3680158436712
2017-01-18 11:00:00,26.0,185.40001902639096
2017-01-18 12:00:00,22.0,210.4090662744796
2017-01-18 13:00:00,21.0,231.03245085400104
2017-01-18 14:00:00,20.0,246.27917968037082
2017-01-18 15:00:00,35.0,354.6411440787717
2017-01-18 16:00:00,49.0,366.72024508252144
2017-01-18 17:00:00,57.0,395.6526697719125
2017-01-18 18:00:00,50.0,411.75867024590406
2017-01-18 19:00:00,46.0,422.94005949456795
2017-01-18 20:00:00,43.0,420.3722435484825
2017-01-18 21:00:00,50.0,423.8179345512898
2017-01-18 22:00:00,55.0,443.44827087365695
2017-01-18 23:00:00,54.0,459.3484446698257
2017-01-19 00:00:00,64.0,490.21203608730195
2017-01-19 01:00:00,76.0,513.9845907391126
2017-01-19 02:00:00,87.0,487.0938451319081
2017-01-19 03:00:00,96.0,423.71640612697615
2017-01-19 04:00:00,112.0,386.23223162395084
2017-01-19 05:00:00,126.0,360.35072995097596
2017-01-19 06:00:00,104.0,301.15784007409786
2017-01-19 07:00:00,109.0,245.43280347287177
2017-01-19 08:00:00,111.0,241.4904092865948
2017-01-19 09:00:00,103.0,272.25210544435197
2017-01-19 10:00:00,34.0,221.3680506444258
2017-01-19 11:00:00,12.0,185.40013317448546
2017-01-19 12:00:00,12.0,210.40914515233385
2017-01-19 13:00:00,12.0,231.03249234745059
2017-01-19 14:00:00,9.0,246.2791736042659
2017-01-19 15:00:00,9.0,354.64091542954435
2017-01-19 16:00:00,9.0,366.7200689795462
2017-01-19 17:00:00,10.0,395.65244752050097
2017-01-19 18:00:00,12.0,411.75852016318964
2017-01-19 19:00:00,11.0,422.9401280079726
2017-01-19 20:00:00,11.0,420.372291218169
2017-01-19 21:00:00,11.0,423.8179041202497
2017-01-19 22:00:00,14.0,443.44815463491904
2017-01-19 23:00:00,8.0,459.34831260211365
2017-01-20 00:00:00,10.0,490.2118728636195
2017-01-20 01:00:00,8.0,513.9843970860495
2017-01-20 02:00:00,8.0,487.093678811059
2017-01-20 03:00:00,8.0,423.7163065422516
2017-01-20 04:00:00,5.0,386.2322134253393
2017-01-20 05:00:00,7.0,360.35071247387543
2017-01-20 06:00:00,8.0,301.15776043289975
2017-01-20 07:00:00,10.0,245.43272702451543
2017-01-20 08:00:00,11.0,241.4903488084336
2017-01-20 09:00:00,12.0,272.25211778974403
2017-01-20 10:00:00,16.0,221.36803356473715
2017-01-20 11:00:00,17.0,185.4000771518992
2017-01-20 12:00:00,21.0,210.4091064400221
2017-01-20 13:00:00,18.0,231.03247198302483
2017-01-20 14:00:00,19.0,246.2791765864972
2017-01-20 15:00:00,17.0,354.64102764844847
2017-01-20 16:00:00,26.0,366.72015540926344
2017-01-20 17:00:00,24.0,395.6525565994059
2017-01-20 18:00:00,27.0,411.75859382240714
2017-01-20 19:00:00,37.0,422.9400943823766
2017-01-20 20:00:00,45.0,420.3722678224572
2017-01-20 21:00:00,45.0,423.8179190555943
2017-01-20 22:00:00,53.0,443.4482116838253
2017-01-20 23:00:00,64.0,459.3483774197185
2017-01-21 00:00:00,68.0,490.2119529722608
2017-01-21 01:00:00,70.0,513.9844921291246
2017-01-21 02:00:00,81.0,487.09376043975044
2017-01-21 03:00:00,90.0,423.71635541751107
2017-01-21 04:00:00,90.0,386.232222357098
2017-01-21 05:00:00,69.0,360.3507210515202
2017-01-21 06:00:00,32.0,301.15779952006375
2017-01-21 07:00:00,11.0,245.43276454466127
2017-01-21 08:00:00,5.0,241.49037849056313
2017-01-21 09:00:00,6.0,272.25211173079316
2017-01-21 10:00:00,7.0,221.36804194732144
2017-01-21 11:00:00,7.0,185.40010464726893
2017-01-21 12:00:00,11.0,210.4091254396785
2017-01-21 13:00:00,6.0,231.0324819777186
2017-01-21 14:00:00,5.0,246.27917512288118
2017-01-21 15:00:00,5.0,354.640972572555
2017-01-21 16:00:00,9.0,366.7201129904453
2017-01-21 17:00:00,8.0,395.6525030645893
2017-01-21 18:00:00,12.0,411.7585576712202
2017-01-21 19:00:00,11.0,422.94011088551053
2017-01-21 20:00:00,13.0,420.372279304864
2017-01-21 21:00:00,15.0,423.8179117254975
2017-01-21 22:00:00,10.0,443.44818368480884
2017-01-21 23:00:00,11.0,459.34834560790057
2017-01-22 00:00:00,9.0,490.2119136557527
2017-01-22 01:00:00,13.0,513.9844454829436
2017-01-22 02:00:00,14.0,487.09372037721477
2017-01-22 03:00:00,12.0,423.71633143003396
2017-01-22 04:00:00,14.0,386.232217973494
2017-01-22 05:00:00,15.0,360.350716841711
2017-01-22 06:00:00,14.0,301.15778033648434
2017-01-22 07:00:00,12.0,245.43274613015808
2017-01-22 08:00:00,11.0,241.49036392287988
2017-01-22 09:00:00,11.0,272.252114704477
2017-01-22 10:00:00,16.0,221.36803783324245
2017-01-22 11:00:00,21.0,185.40009115282382
2017-01-22 12:00:00,16.0,210.40911611484466
2017-01-22 13:00:00,17.0,231.0324770724306
2017-01-22 14:00:00,18.0,246.27917584121747
2017-01-22 15:00:00,21.0,354.64099960326485
2017-01-22 16:00:00,29.0,366.7201338091877
2017-01-22 17:00:00,47.0,395.65252933895306
2017-01-22 18:00:00,65.0,411.7585754138706
2017-01-22 19:00:00,72.0,422.9401027859421
2017-01-22 20:00:00,46.0,420.3722736694183
2017-01-22 21:00:00,30.0,423.81791532304163
2017-01-22 22:00:00,31.0,443.4481974264535
2017-01-22 23:00:00,26.0,459.34836122083
2017-01-23 00:00:00,24.0,490.2119329519094
2017-01-23 01:00:00,22.0,513.9844683764308
2017-01-23 02:00:00,20.0,487.0937400395139
2017-01-23 03:00:00,17.0,423.7163432028535
2017-01-23 04:00:00,15.0,386.23222012492687
2017-01-23 05:00:00,12.0,360.35071890784695
2017-01-23 06:00:00,11.0,301.157789751598
2017-01-23 07:00:00,12.0,245.43275516781654
2017-01-23 08:00:00,12.0,241.4903710725571
2017-01-23 09:00:00,13.0,272.25211324502504
2017-01-23 10:00:00,17.0,221.36803985239408
2017-01-23 11:00:00,18.0,185.40009777576594
2017-01-23 12:00:00,16.0,210.4091206913828
2017-01-23 13:00:00,19.0,231.03247947989937
2017-01-23 14:00:00,21.0,246.27917548866708
2017-01-23 15:00:00,27.0,354.6409863368624
2017-01-23 16:00:00,39.0,366.7201235915571
2017-01-23 17:00:00,34.0,395.6525164437576
2017-01-23 18:00:00,39.0,411.7585667059553
2017-01-23 19:00:00,47.0,422.9401067611314
2017-01-23 20:00:00,68.0,420.3722764352405
2017-01-23 21:00:00,80.0,423.8179135574039
2017-01-23 22:00:00,84.0,443.4481906821918
2017-01-23 23:00:00,95.0,459.3483535581602
2017-01-24 00:00:00,97.0,490.2119234815481
2017-01-24 01:00:00,95.0,513.9844571405353
2017-01-24 02:00:00,89.0,487.09373038945347
2017-01-24 03:00:00,93.0,423.71633742487137
2017-01-24 04:00:00,105.0,386.2322190690258
2017-01-24 05:00:00,100.0,360.35071789380873
2017-01-24 06:00:00,72.0,301.15778513075435
2017-01-24 07:00:00,51.0,245.43275073222412
2017-01-24 08:00:00,27.0,241.4903675635671
2017-01-24 09:00:00,28.0,272.2521139613102
2017-01-24 10:00:00,29.0,221.36803886141507
2017-01-24 11:00:00,44.0,185.4000945252922
2017-01-24 12:00:00,53.0,210.4091184452638
2017-01-24 13:00:00,68.0,231.03247829833808
2017-01-24 14:00:00,71.0,246.27917566169577
2017-01-24 15:00:00,86.0,354.6409928478816
2017-01-24 16:00:00,109.0,366.72012860626927
2017-01-24 17:00:00,120.0,395.652522772592
2017-01-24 18:00:00,122.0,411.7585709797141
2017-01-24 19:00:00,130.0,422.9401048101483
2017-01-24 20:00:00,134.0,420.3722750778027
2017-01-24 21:00:00,128.0,423.8179144239617
2017-01-24 22:00:00,120.0,443.4481939922088
2017-01-24 23:00:00,128.0,459.3483573189228
2017-01-25 00:00:00,134.0,490.2119281295077
2017-01-25 01:00:00,152.0,513.9844626550015
2017-01-25 02:00:00,169.0,487.0937351256076
2017-01-25 03:00:00,202.0,423.71634026064794
2017-01-25 04:00:00,220.0,386.2322195872518
2017-01-25 05:00:00,208.0,360.35071839148884
2017-01-25 06:00:00,191.0,301.1577873986188
2017-01-25 07:00:00,156.0,245.43275290916907
2017-01-25 08:00:00,160.0,241.49036928574475
2017-01-25 09:00:00,154.0,272.2521136097647
2017-01-25 10:00:00,164.0,221.36803934777788
2017-01-25 11:00:00,136.0,185.4000961205926
2017-01-25 12:00:00,143.0,210.40911954763686
2017-01-25 13:00:00,150.0,231.03247887823676
2017-01-25 14:00:00,157.0,246.27917557677512
2017-01-25 15:00:00,164.0,354.6409896523381
2017-01-25 16:00:00,162.0,366.7201261450984
2017-01-25 17:00:00,176.0,395.6525196664629
2017-01-25 18:00:00,200.0,411.75856888219573
2017-01-25 19:00:00,194.0,422.9401057676715
2017-01-25 20:00:00,208.0,420.3722757440198
2017-01-25 21:00:00,224.0,423.8179139986638
2017-01-25 22:00:00,236.0,443.44819236768535
2017-01-25 23:00:00,253.0,459.3483554731779
2017-01-26 00:00:00,260.0,490.2119258483353
2017-01-26 01:00:00,269.0,513.9844599485562
2017-01-26 02:00:00,295.0,487.09373280115017
2017-01-26 03:00:00,321.0,423.71633886887696
2017-01-26 04:00:00,326.0,386.23221933291165
2017-01-26 05:00:00,318.0,360.35071814723244
2017-01-26 06:00:00,288.0,301.1577862855735
2017-01-26 07:00:00,246.0,245.43275184074614
2017-01-26 08:00:00,238.0,241.49036844051707
2017-01-26 09:00:00,248.0,272.2521137822998
2017-01-26 10:00:00,262.0,221.36803910907588
2017-01-26 11:00:00,270.0,185.400095337635
2017-01-26 12:00:00,259.0,210.40911900660313
2017-01-26 13:00:00,209.0,231.03247859362827
2017-01-26 14:00:00,96.0,246.27917561845337
2017-01-26 15:00:00,51.0,354.64099122067915
2017-01-26 16:00:00,8.0,366.72012735301666
2017-01-26 17:00:00,7.0,395.6525211909203
2017-01-26 18:00:00,10.0,411.758569911637
2017-01-26 19:00:00,9.0,422.9401052977286
2017-01-26 20:00:00,11.0,420.3722754170471
2017-01-26 21:00:00,7.0,423.8179142073958
2017-01-26 22:00:00,4.0,443.44819316498535
2017-01-26 23:00:00,10.0,459.3483563790512
2017-01-27 00:00:00,11.0,490.2119269679121
2017-01-27 01:00:00,11.0,513.9844612768527
2017-01-27 02:00:00,13.0,487.0937339419708
2017-01-27 03:00:00,10.0,423.7163395519444
2017-01-27 04:00:00,6.0,386.2322194577393
2017-01-27 05:00:00,9.0,360.35071826711106
2017-01-27 06:00:00,11.0,301.1577868318451
2017-01-27 07:00:00,11.0,245.43275236511752
2017-01-27 08:00:00,11.0,241.49036885534645
2017-01-27 09:00:00,15.0,272.25211369762127
2017-01-27 10:00:00,24.0,221.36803922622846
2017-01-27 11:00:00,28.0,185.40009572190283
2017-01-27 12:00:00,37.0,210.40911927213713
2017-01-27 13:00:00,41.0,231.0324787333113
2017-01-27 14:00:00,45.0,246.2791755979981
2017-01-27 15:00:00,44.0,354.6409904509529
2017-01-27 16:00:00,53.0,366.7201267601824
2017-01-27 17:00:00,58.0,395.65252044273177
2017-01-27 18:00:00,61.0,411.75856940639744
2017-01-27 19:00:00,87.0,422.94010552837193
2017-01-27 20:00:00,118.0,420.3722755775221
2017-01-27 21:00:00,179.0,423.8179141049522
2017-01-27 22:00:00,240.0,443.44819277367844
2017-01-27 23:00:00,278.0,459.3483559344576
2017-01-28 00:00:00,305.0,490.2119264184349
2017-01-28 01:00:00,576.0,513.9844606249379
2017-01-28 02:00:00,641.0,487.09373338206734
2017-01-28 03:00:00,651.0,423.71633921670167
2017-01-28 04:00:00,682.0,386.23221939647516
2017-01-28 05:00:00,713.0,360.3507182082758
2017-01-28 06:00:00,697.0,301.1577865637404
2017-01-28 07:00:00,462.0,245.43275210776125
2017-01-28 08:00:00,383.0,241.4903686517523
2017-01-28 09:00:00,374.0,272.25211373918063
2017-01-28 10:00:00,323.0,221.36803916873114
2017-01-28 11:00:00,257.0,185.400095533308
2017-01-28 12:00:00,249.0,210.4091191418157
2017-01-28 13:00:00,244.0,231.03247866475627
2017-01-28 14:00:00,238.0,246.27917560803732
2017-01-28 15:00:00,242.0,354.64099082872696
2017-01-28 16:00:00,243.0,366.72012705113957
2017-01-28 17:00:00,247.0,395.6525208099353
2017-01-28 18:00:00,246.0,411.758569654364
2017-01-28 19:00:00,243.0,422.94010541517446
2017-01-28 20:00:00,242.0,420.3722754987626
2017-01-28 21:00:00,258.0,423.8179141552305
2017-01-28 22:00:00,273.0,443.448192965728
2017-01-28 23:00:00,307.0,459.34835615265973
2017-01-29 00:00:00,297.0,490.2119266881129
2017-01-29 01:00:00,292.0,513.9844609448912
2017-01-29 02:00:00,203.0,487.0937336568624
2017-01-29 03:00:00,11.0,423.71633938123546
2017-01-29 04:00:00,3.0,386.232219426543
2017-01-29 05:00:00,9.0,360.35071823715157
2017-01-29 06:00:00,9.0,301.1577866953235
2017-01-29 07:00:00,10.0,245.43275223406914
2017-01-29 08:00:00,10.0,241.49036875167428
2017-01-29 09:00:00,11.0,272.2521137187837
2017-01-29 10:00:00,10.0,221.36803919695026
2017-01-29 11:00:00,12.0,185.40009562586846
2017-01-29 12:00:00,7.0,210.40911920577616
2017-01-29 13:00:00,15.0,231.0324786984024
2017-01-29 14:00:00,15.0,246.27917560311016
2017-01-29 15:00:00,8.0,354.64099064331924
2017-01-29 16:00:00,13.0,366.72012690834066
2017-01-29 17:00:00,11.0,395.65252062971547
2017-01-29 18:00:00,11.0,411.75856953266447
2017-01-29 19:00:00,3.0,422.94010547073066
2017-01-29 20:00:00,8.0,420.37227553741695
2017-01-29 21:00:00,9.0,423.8179141305544
2017-01-29 22:00:00,7.0,443.44819287147203
2017-01-29 23:00:00,10.0,459.34835604556827
2017-01-30 00:00:00,8.0,490.21192655575766
2017-01-30 01:00:00,9.0,513.9844607878613
2017-01-30 02:00:00,7.0,487.0937335219957
2017-01-30 03:00:00,9.0,423.7163393004839
2017-01-30 04:00:00,8.0,386.232219411786
2017-01-30 05:00:00,5.0,360.35071822297965
2017-01-30 06:00:00,7.0,301.15778663074383
2017-01-30 07:00:00,9.0,245.43275217207847
2017-01-30 08:00:00,8.0,241.49036870263356
2017-01-30 09:00:00,6.0,272.25211372879426
2017-01-30 10:00:00,12.0,221.3680391831006
2017-01-30 11:00:00,4.0,185.4000955804407
2017-01-30 12:00:00,4.0,210.409119174385
2017-01-30 13:00:00,3.0,231.03247868188922
2017-01-30 14:00:00,8.0,246.27917560552837
2017-01-30 15:00:00,9.0,354.6409907343155
2017-01-30 16:00:00,9.0,366.72012697842496
2017-01-30 17:00:00,35.0,395.6525207181656
2017-01-30 18:00:00,126.0,411.75856959239337
2017-01-30 19:00:00,71.0,422.94010544346423
2017-01-30 20:00:00,64.0,420.37227551844575
2017-01-30 21:00:00,57.0,423.8179141426652
2017-01-30 22:00:00,59.0,443.44819291773194
2017-01-30 23:00:00,70.0,459.3483560981277
2017-01-31 00:00:00,70.0,490.2119266207163
2017-01-31 01:00:00,78.0,513.98446086493
2017-01-31 02:00:00,86.0,487.093733588187
2017-01-31 03:00:00,95.0,423.716339340116
2017-01-31 04:00:00,98.0,386.2322194190286
2017-01-31 05:00:00,104.0,360.35071822993507
2017-01-31 06:00:00,86.0,301.1577866624389
2017-01-31 07:00:00,94.0,245.43275220250288
2017-01-31 08:00:00,93.0,241.49036872670226
2017-01-31 09:00:00,100.0,272.25211372388117
2017-01-31 10:00:00,85.0,221.36803918989787
2017-01-31 11:00:00,81.0,185.4000956027362
2017-01-31 12:00:00,79.0,210.40911918979148
2017-01-31 13:00:00,68.0,231.03247868999372
2017-01-31 14:00:00,50.0,246.27917560434153
2017-01-31 15:00:00,55.0,354.64099068965544
2017-01-31 16:00:00,72.0,366.72012694402827
2017-01-31 17:00:00,80.0,395.6525206747551
2017-01-31 18:00:00,72.0,411.758569563079
2017-01-31 19:00:00,91.0,422.9401054568463
2017-01-31 20:00:00,73.0,420.37227552775664
2017-01-31 21:00:00,24.0,423.81791413672136
2017-01-31 22:00:00,10.0,443.44819289502806
2017-01-31 23:00:00,3.0,459.348356072332
2017-02-01 00:00:00,5.0,490.21192658883524
2017-02-01 01:00:00,5.0,513.9844608271055
2017-02-01 02:00:00,7.0,487.09373355570096
2017-02-01 03:00:00,6.0,423.716339320665
2017-02-01 04:00:00,8.0,386.232219415474
2017-02-01 05:00:00,8.0,360.3507182265214
2017-02-01 06:00:00,6.0,301.1577866468833
2017-02-01 07:00:00,5.0,245.43275218757088
2017-02-01 08:00:00,7.0,241.49036871488957
2017-02-01 09:00:00,9.0,272.25211372629246
2017-02-01 10:00:00,10.0,221.36803918656184
2017-02-01 11:00:00,6.0,185.4000955917938
2017-02-01 12:00:00,9.0,210.40911918223014
2017-02-01 13:00:00,15.0,231.0324786860161
2017-02-01 14:00:00,8.0,246.279175604924
2017-02-01 15:00:00,10.0,354.64099071157415
2017-02-01 16:00:00,17.0,366.7201269609098
2017-02-01 17:00:00,20.0,395.65252069606055
2017-02-01 18:00:00,3.0,411.7585695774662
2017-02-01 19:00:00,44.0,422.9401054502785
2017-02-01 20:00:00,89.0,420.37227552318694
2017-02-01 21:00:00,126.0,423.81791413963856
2017-02-01 22:00:00,129.0,443.4481929061709
2017-02-01 23:00:00,146.0,459.34835608499225
2017-02-02 00:00:00,154.0,490.21192660448213
2017-02-02 01:00:00,124.0,513.9844608456694
2017-02-02 02:00:00,133.0,487.09373357164475
2017-02-02 03:00:00,121.0,423.7163393302113
2017-02-02 04:00:00,37.0,386.2322194172186
2017-02-02 05:00:00,34.0,360.3507182281968
2017-02-02 06:00:00,31.0,301.15778665451785
2017-02-02 07:00:00,38.0,245.43275219489936
2017-02-02 08:00:00,37.0,241.49036872068712
2017-02-02 09:00:00,42.0,272.25211372510904
2017-02-02 10:00:00,41.0,221.36803918819913
2017-02-02 11:00:00,51.0,185.4000955971642
2017-02-02 12:00:00,58.0,210.40911918594117
2017-02-02 13:00:00,61.0,231.03247868796828
2017-02-02 14:00:00,63.0,246.27917560463814
2017-02-02 15:00:00,70.0,354.64099070081664
2017-02-02 16:00:00,71.0,366.7201269526245
2017-02-02 17:00:00,72.0,395.6525206856041
2017-02-02 18:00:00,87.0,411.7585695704051
2017-02-02 19:00:00,119.0,422.94010545350193
2017-02-02 20:00:00,132.0,420.3722755254297
2017-02-02 21:00:00,147.0,423.81791413820685
2017-02-02 22:00:00,150.0,443.4481929007021
2017-02-02 23:00:00,156.0,459.34835607877875
2017-02-03 00:00:00,148.0,490.21192659680275
2017-02-03 01:00:00,145.0,513.9844608365585
2017-02-03 02:00:00,166.0,487.0937335638197
2017-02-03 03:00:00,168.0,423.71633932552606
2017-02-03 04:00:00,140.0,386.23221941636234
2017-02-03 05:00:00,112.0,360.35071822737456
2017-02-03 06:00:00,103.0,301.1577866507709
2017-02-03 07:00:00,100.0,245.43275219130263
2017-02-03 08:00:00,102.0,241.49036871784173
2017-02-03 09:00:00,97.0,272.25211372568987
2017-02-03 10:00:00,63.0,221.36803918739557
2017-02-03 11:00:00,66.0,185.40009559452847
2017-02-03 12:00:00,79.0,210.40911918411982
2017-02-03 13:00:00,103.0,231.03247868701018
2017-02-03 14:00:00,116.0,246.27917560477846
2017-02-03 15:00:00,127.0,354.6409907060963
2017-02-03 16:00:00,156.0,366.7201269566909
2017-02-03 17:00:00,219.0,395.652520690736
2017-02-03 18:00:00,232.0,411.7585695738706
2017-02-03 19:00:00,245.0,422.9401054519199
2017-02-03 20:00:00,251.0,420.372275524329
2017-02-03 21:00:00,299.0,423.81791413890954
2017-02-03 22:00:00,319.0,443.44819290338614
2017-02-03 23:00:00,317.0,459.3483560818283
2017-02-04 00:00:00,321.0,490.2119266005717
2017-02-04 01:00:00,316.0,513.98446084103
2017-02-04 02:00:00,317.0,487.09373356766014
2017-02-04 03:00:00,339.0,423.71633932782555
2017-02-04 04:00:00,351.0,386.2322194167826
2017-02-04 05:00:00,343.0,360.35071822777815
2017-02-04 06:00:00,359.0,301.1577866526099
2017-02-04 07:00:00,331.0,245.43275219306787
2017-02-04 08:00:00,311.0,241.4903687192382
2017-02-04 09:00:00,303.0,272.2521137254048
2017-02-04 10:00:00,288.0,221.36803918778995
2017-02-04 11:00:00,281.0,185.40009559582208
2017-02-04 12:00:00,300.0,210.4091191850137
2017-02-04 13:00:00,284.0,231.03247868748042
2017-02-04 14:00:00,251.0,246.2791756047096
2017-02-04 15:00:00,213.0,354.6409907035051
2017-02-04 16:00:00,258.0,366.72012695469516
2017-02-04 17:00:00,348.0,395.6525206882173
2017-02-04 18:00:00,327.0,411.7585695721698
2017-02-04 19:00:00,279.0,422.94010545269634
2017-02-04 20:00:00,82.0,420.3722755248692
2017-02-04 21:00:00,25.0,423.8179141385647
2017-02-04 22:00:00,9.0,443.44819290206885
2017-02-04 23:00:00,8.0,459.3483560803316
2017-02-05 00:00:00,10.0,490.21192659872196
2017-02-05 01:00:00,11.0,513.9844608388354
2017-02-05 02:00:00,17.0,487.09373356577527
2017-02-05 03:00:00,17.0,423.716339326697
2017-02-05 04:00:00,19.0,386.23221941657636
2017-02-05 05:00:00,20.0,360.3507182275801
2017-02-05 06:00:00,18.0,301.15778665170734
2017-02-05 07:00:00,15.0,245.4327521922015
2017-02-05 08:00:00,10.0,241.49036871855282
2017-02-05 09:00:00,8.0,272.2521137255447
2017-02-05 10:00:00,7.0,221.3680391875964
2017-02-05 11:00:00,10.0,185.4000955951872
2017-02-05 12:00:00,8.0,210.409119184575
2017-02-05 13:00:00,9.0,231.03247868724964
2017-02-05 14:00:00,9.0,246.2791756047434
2017-02-05 15:00:00,9.0,354.64099070477687
2017-02-05 16:00:00,18.0,366.72012695567463
2017-02-05 17:00:00,18.0,395.65252068945347
2017-02-05 18:00:00,10.0,411.75856957300454
2017-02-05 19:00:00,7.0,422.94010545231527
2017-02-05 20:00:00,7.0,420.3722755246041
2017-02-05 21:00:00,9.0,423.81791413873395
2017-02-05 22:00:00,8.0,443.4481929027154
2017-02-05 23:00:00,11.0,459.34835608106613
2017-02-06 00:00:00,8.0,490.2119265996298
2017-02-06 01:00:00,10.0,513.9844608399125
2017-02-06 02:00:00,9.0,487.09373356670034
2017-02-06 03:00:00,6.0,423.71633932725086
2017-02-06 04:00:00,5.0,386.2322194166776
2017-02-06 05:00:00,7.0,360.3507182276773
2017-02-06 06:00:00,3.0,301.1577866521503
2017-02-06 07:00:00,6.0,245.4327521926267
2017-02-06 08:00:00,5.0,241.4903687188892
2017-02-06 09:00:00,7.0,272.252113725476
2017-02-06 10:00:00,6.0,221.36803918769138
2017-02-06 11:00:00,7.0,185.40009559549878
2017-02-06 12:00:00,5.0,210.4091191847903
2017-02-06 13:00:00,3.0,231.0324786873629
2017-02-06 14:00:00,3.0,246.2791756047268
2017-02-06 15:00:00,4.0,354.6409907041527
2017-02-06 16:00:00,6.0,366.7201269551939
2017-02-06 17:00:00,13.0,395.6525206888468
2017-02-06 18:00:00,7.0,411.75856957259487
2017-02-06 19:00:00,21.0,422.9401054525023
2017-02-06 20:00:00,26.0,420.3722755247342
2017-02-06 21:00:00,30.0,423.8179141386509
2017-02-06 22:00:00,38.0,443.4481929023981
2017-02-06 23:00:00,35.0,459.3483560807056
2017-02-07 00:00:00,40.0,490.21192659918427
2017-02-07 01:00:00,56.0,513.9844608393838
2017-02-07 02:00:00,68.0,487.0937335662463
2017-02-07 03:00:00,70.0,423.71633932697904
2017-02-07 04:00:00,67.0,386.2322194166279
2017-02-07 05:00:00,66.0,360.3507182276296
2017-02-07 06:00:00,70.0,301.1577866519329
2017-02-07 07:00:00,69.0,245.43275219241804
2017-02-07 08:00:00,76.0,241.49036871872408
2017-02-07 09:00:00,78.0,272.25211372550973
2017-02-07 10:00:00,90.0,221.36803918764477
2017-02-07 11:00:00,73.0,185.40009559534585
2017-02-07 12:00:00,40.0,210.40911918468464
2017-02-07 13:00:00,38.0,231.0324786873073
2017-02-07 14:00:00,45.0,246.27917560473492
2017-02-07 15:00:00,59.0,354.64099070445906
2017-02-07 16:00:00,88.0,366.72012695542986
2017-02-07 17:00:00,101.0,395.6525206891445
2017-02-07 18:00:00,110.0,411.7585695727959
2017-02-07 19:00:00,110.0,422.9401054524105
2017-02-07 20:00:00,118.0,420.37227552467033
2017-02-07 21:00:00,107.0,423.81791413869166
2017-02-07 22:00:00,106.0,443.44819290255384
2017-02-07 23:00:00,114.0,459.3483560808826
2017-02-08 00:00:00,113.0,490.21192659940294
2017-02-08 01:00:00,117.0,513.9844608396432
2017-02-08 02:00:00,118.0,487.09373356646915
2017-02-08 03:00:00,118.0,423.71633932711245
2017-02-08 04:00:00,111.0,386.2322194166523
2017-02-08 05:00:00,102.0,360.35071822765303
2017-02-08 06:00:00,63.0,301.1577866520396
2017-02-08 07:00:00,10.0,245.43275219252047
2017-02-08 08:00:00,8.0,241.49036871880512
2017-02-08 09:00:00,9.0,272.2521137254932
2017-02-08 10:00:00,12.0,221.36803918766765
2017-02-08 11:00:00,10.0,185.4000955954209
2017-02-08 12:00:00,7.0,210.4091191847365
2017-02-08 13:00:00,14.0,231.0324786873346
2017-02-08 14:00:00,12.0,246.2791756047309
2017-02-08 15:00:00,7.0,354.6409907043087
2017-02-08 16:00:00,14.0,366.7201269553141
2017-02-08 17:00:00,11.0,395.6525206889984
2017-02-08 18:00:00,6.0,411.75856957269724
2017-02-08 19:00:00,8.0,422.94010545245555
2017-02-08 20:00:00,9.0,420.37227552470165
2017-02-08 21:00:00,6.0,423.81791413867165
2017-02-08 22:00:00,9.0,443.4481929024774
2017-02-08 23:00:00,8.0,459.3483560807957
2017-02-09 00:00:00,10.0,490.2119265992956
2017-02-09 01:00:00,6.0,513.9844608395159
2017-02-09 02:00:00,9.0,487.0937335663598
2017-02-09 03:00:00,8.5,423.71633932704697
2017-02-09 04:00:00,8.0,386.2322194166403
2017-02-09 05:00:00,6.0,360.35071822764155
2017-02-09 06:00:00,4.0,301.15778665198724
2017-02-09 07:00:00,7.0,245.4327521924702
2017-02-09 08:00:00,6.0,241.49036871876535
2017-02-09 09:00:00,7.0,272.2521137255013
2017-02-09 10:00:00,6.0,221.36803918765642
2017-02-09 11:00:00,4.0,185.40009559538407
2017-02-09 12:00:00,8.0,210.40911918471105
2017-02-09 13:00:00,7.0,231.0324786873212
2017-02-09 14:00:00,11.0,246.27917560473287
2017-02-09 15:00:00,11.0,354.6409907043825
2017-02-09 16:00:00,8.0,366.7201269553709
2017-02-09 17:00:00,4.0,395.6525206890701
2017-02-09 18:00:00,3.0,411.75856957274567
2017-02-09 19:00:00,7.0,422.94010545243344
2017-02-09 20:00:00,7.0,420.37227552468624
2017-02-09 21:00:00,8.0,423.8179141386815
2017-02-09 22:00:00,8.0,443.4481929025149
2017-02-09 23:00:00,6.0,459.34835608083836
2017-02-10 00:00:00,5.0,490.2119265993483
2017-02-10 01:00:00,8.0,513.9844608395784
2017-02-10 02:00:00,4.0,487.09373356641345
2017-02-10 03:00:00,8.0,423.7163393270791
2017-02-10 04:00:00,4.0,386.23221941664616
2017-02-10 05:00:00,5.0,360.3507182276472
2017-02-10 06:00:00,3.0,301.15778665201293
2017-02-10 07:00:00,7.0,245.43275219249486
2017-02-10 08:00:00,6.0,241.49036871878488
2017-02-10 09:00:00,7.0,272.25211372549734
2017-02-10 10:00:00,10.0,221.36803918766194
2017-02-10 11:00:00,9.0,185.40009559540215
2017-02-10 12:00:00,5.0,210.40911918472355
2017-02-10 13:00:00,9.0,231.03247868732777
2017-02-10 14:00:00,7.0,246.2791756047319
2017-02-10 15:00:00,6.0,354.6409907043463
2017-02-10 16:00:00,9.0,366.720126955343
2017-02-10 17:00:00,6.0,395.65252068903493
2017-02-10 18:00:00,8.0,411.7585695727219
2017-02-10 19:00:00,6.0,422.9401054524443
2017-02-10 20:00:00,9.0,420.3722755246938
2017-02-10 21:00:00,7.0,423.81791413867666
2017-02-10 22:00:00,8.0,443.4481929024965
2017-02-10 23:00:00,13.0,459.34835608081744
2017-02-11 00:00:00,9.0,490.21192659932245
2017-02-11 01:00:00,12.0,513.9844608395478
2017-02-11 02:00:00,11.0,487.09373356638713
2017-02-11 03:00:00,11.0,423.71633932706334
2017-02-11 04:00:00,19.0,386.23221941664326
2017-02-11 05:00:00,18.0,360.3507182276444
2017-02-11 06:00:00,15.0,301.1577866520003
2017-02-11 07:00:00,11.0,245.43275219248275
2017-02-11 08:00:00,13.0,241.4903687187753
2017-02-11 09:00:00,22.0,272.25211372549927
2017-02-11 10:00:00,19.0,221.36803918765924
2017-02-11 11:00:00,17.0,185.40009559539328
2017-02-11 12:00:00,14.0,210.4091191847174
2017-02-11 13:00:00,10.0,231.03247868732456
2017-02-11 14:00:00,3.0,246.2791756047324
2017-02-11 15:00:00,14.0,354.64099070436407
2017-02-11 16:00:00,13.0,366.7201269553567
2017-02-11 17:00:00,30.0,395.6525206890522
2017-02-11 18:00:00,49.0,411.75856957273356
2017-02-11 19:00:00,56.0,422.94010545243896
2017-02-11 20:00:00,90.0,420.3722755246901
2017-02-11 21:00:00,139.0,423.81791413867904
2017-02-11 22:00:00,185.0,443.4481929025055
2017-02-11 23:00:00,237.0,459.3483560808277
2017-02-12 00:00:00,220.0,490.21192659933513
2017-02-12 01:00:00,214.0,513.9844608395628
2017-02-12 02:00:00,113.0,487.09373356640003
2017-02-12 03:00:00,101.0,423.71633932707107
2017-02-12 04:00:00,46.0,386.2322194166447
2017-02-12 05:00:00,31.0,360.35071822764576
2017-02-12 06:00:00,30.0,301.1577866520065
2017-02-12 07:00:00,44.0,245.4327521924887
2017-02-12 08:00:00,60.0,241.49036871878
2017-02-12 09:00:00,69.0,272.2521137254983
2017-02-12 10:00:00,93.0,221.36803918766057
2017-02-12 11:00:00,126.0,185.40009559539763
2017-02-12 12:00:00,118.0,210.40911918472042
2017-02-12 13:00:00,116.0,231.03247868732615
2017-02-12 14:00:00,114.0,246.27917560473216
2017-02-12 15:00:00,98.0,354.6409907043554
2017-02-12 16:00:00,109.0,366.72012695535
2017-02-12 17:00:00,97.0,395.65252068904374
2017-02-12 18:00:00,107.0,411.7585695727278
2017-02-12 19:00:00,113.0,422.94010545244157
2017-02-12 20:00:00,102.0,420.37227552469193
2017-02-12 21:00:00,122.0,423.8179141386779
2017-02-12 22:00:00,129.0,443.4481929025011
2017-02-12 23:00:00,135.0,459.34835608082267
2017-02-13 00:00:00,151.0,490.2119265993289
2017-02-13 01:00:00,191.0,513.9844608395554
2017-02-13 02:00:00,198.0,487.09373356639367
2017-02-13 03:00:00,198.0,423.71633932706726
2017-02-13 04:00:00,178.0,386.232219416644
2017-02-13 05:00:00,131.0,360.3507182276451
2017-02-13 06:00:00,134.0,301.1577866520035
2017-02-13 07:00:00,119.0,245.43275219248576
2017-02-13 08:00:00,73.0,241.4903687187777
2017-02-13 09:00:00,72.0,272.25211372549876
2017-02-13 10:00:00,65.0,221.36803918765992
2017-02-13 11:00:00,45.0,185.4000955953955
2017-02-13 12:00:00,29.0,210.40911918471895
2017-02-13 13:00:00,15.0,231.03247868732538
2017-02-13 14:00:00,14.0,246.27917560473227
2017-02-13 15:00:00,16.0,354.64099070435964
2017-02-13 16:00:00,18.0,366.7201269553533
2017-02-13 17:00:00,21.0,395.6525206890479
2017-02-13 18:00:00,24.0,411.7585695727306
2017-02-13 19:00:00,24.0,422.94010545244026
2017-02-13 20:00:00,89.0,420.372275524691
2017-02-13 21:00:00,101.0,423.8179141386785
2017-02-13 22:00:00,144.0,443.44819290250325
2017-02-13 23:00:00,180.0,459.34835608082517
2017-02-14 00:00:00,159.0,490.21192659933195
2017-02-14 01:00:00,137.0,513.984460839559
2017-02-14 02:00:00,144.0,487.0937335663968
2017-02-14 03:00:00,149.0,423.71633932706914
2017-02-14 04:00:00,148.0,386.23221941664434
2017-02-14 05:00:00,148.0,360.3507182276454
2017-02-14 06:00:00,139.0,301.157786652005
2017-02-14 07:00:00,151.0,245.4327521924872
2017-02-14 08:00:00,148.0,241.49036871877883
2017-02-14 09:00:00,140.0,272.25211372549853
2017-02-14 10:00:00,149.0,221.36803918766023
2017-02-14 11:00:00,170.0,185.40009559539655
2017-02-14 12:00:00,196.0,210.40911918471969
2017-02-14 13:00:00,198.0,231.03247868732575
2017-02-14 14:00:00,215.0,246.27917560473222
2017-02-14 15:00:00,213.0,354.64099070435753
2017-02-14 16:00:00,214.0,366.7201269553517
2017-02-14 17:00:00,210.0,395.65252068904584
2017-02-14 18:00:00,205.0,411.75856957272924
2017-02-14 19:00:00,210.0,422.9401054524409
2017-02-14 20:00:00,211.0,420.3722755246915
2017-02-14 21:00:00,227.0,423.8179141386782
2017-02-14 22:00:00,247.0,443.44819290250217
2017-02-14 23:00:00,260.0,459.348356080824
2017-02-15 00:00:00,277.0,490.21192659933047
2017-02-15 01:00:00,261.0,513.9844608395572
2017-02-15 02:00:00,244.0,487.09373356639526
2017-02-15 03:00:00,236.0,423.7163393270682
2017-02-15 04:00:00,225.0,386.23221941664417
2017-02-15 05:00:00,240.0,360.35071822764525
2017-02-15 06:00:00,241.0,301.15778665200423
2017-02-15 07:00:00,230.0,245.43275219248648
2017-02-15 08:00:00,232.0,241.49036871877826
2017-02-15 09:00:00,234.0,272.25211372549865
2017-02-15 10:00:00,245.0,221.36803918766006
2017-02-15 11:00:00,249.0,185.40009559539604
2017-02-15 12:00:00,265.0,210.40911918471932
2017-02-15 13:00:00,229.0,231.03247868732555
2017-02-15 14:00:00,3.0,246.27917560473225
2017-02-15 15:00:00,3.0,354.64099070435856
2017-02-15 16:00:00,173.0,366.7201269553525
2017-02-15 17:00:00,253.0,395.65252068904687
2017-02-15 18:00:00,269.0,411.7585695727299
2017-02-15 19:00:00,275.0,422.9401054524406
2017-02-15 20:00:00,285.0,420.37227552469125
2017-02-15 21:00:00,255.0,423.8179141386783
2017-02-15 22:00:00,263.0,443.4481929025027
2017-02-15 23:00:00,276.0,459.34835608082454
2017-02-16 00:00:00,295.0,490.2119265993312
2017-02-16 01:00:00,299.0,513.9844608395581
2017-02-16 02:00:00,285.0,487.093733566396
2017-02-16 03:00:00,277.0,423.7163393270687
2017-02-16 04:00:00,284.0,386.2322194166442
2017-02-16 05:00:00,275.0,360.3507182276453
2017-02-16 06:00:00,270.0,301.1577866520046
2017-02-16 07:00:00,270.0,245.43275219248682
2017-02-16 08:00:00,236.0,241.49036871877854
2017-02-16 09:00:00,185.0,272.2521137254986
2017-02-16 10:00:00,82.0,221.36803918766014
2017-02-16 11:00:00,41.0,185.4000955953963
2017-02-16 12:00:00,14.0,210.4091191847195
2017-02-16 13:00:00,15.0,231.03247868732564
2017-02-16 14:00:00,11.0,246.27917560473225
2017-02-16 15:00:00,4.0,354.64099070435805
2017-02-16 16:00:00,10.0,366.7201269553521
2017-02-16 17:00:00,14.0,395.65252068904636
2017-02-16 18:00:00,9.0,411.7585695727296
2017-02-16 19:00:00,9.0,422.9401054524408
2017-02-16 20:00:00,11.0,420.37227552469136
2017-02-16 21:00:00,8.0,423.81791413867825
2017-02-16 22:00:00,8.0,443.4481929025024
2017-02-16 23:00:00,5.0,459.34835608082426
2017-02-17 00:00:00,6.0,490.21192659933087
2017-02-17 01:00:00,6.0,513.9844608395576
2017-02-17 02:00:00,5.0,487.09373356639566
2017-02-17 03:00:00,7.0,423.71633932706845
2017-02-17 04:00:00,10.0,386.23221941664417
2017-02-17 05:00:00,9.0,360.35071822764525
2017-02-17 06:00:00,10.0,301.1577866520044
2017-02-17 07:00:00,9.0,245.43275219248665
2017-02-17 08:00:00,9.0,241.4903687187784
2017-02-17 09:00:00,9.0,272.2521137254986
2017-02-17 10:00:00,8.0,221.36803918766012
2017-02-17 11:00:00,6.0,185.40009559539618
2017-02-17 12:00:00,8.0,210.4091191847194
2017-02-17 13:00:00,8.0,231.03247868732558
2017-02-17 14:00:00,6.0,246.27917560473225
2017-02-17 15:00:00,7.0,354.6409907043583
2017-02-17 16:00:00,9.0,366.72012695535227
2017-02-17 17:00:00,27.0,395.6525206890466
2017-02-17 18:00:00,49.0,411.75856957272975
2017-02-17 19:00:00,64.0,422.9401054524407
2017-02-17 20:00:00,57.0,420.3722755246913
2017-02-17 21:00:00,53.0,423.8179141386783
2017-02-17 22:00:00,52.0,443.4481929025025
2017-02-17 23:00:00,50.0,459.34835608082443
2017-02-18 00:00:00,56.0,490.21192659933104
2017-02-18 01:00:00,67.0,513.9844608395579
2017-02-18 02:00:00,71.0,487.0937335663958
2017-02-18 03:00:00,87.0,423.71633932706857
2017-02-18 04:00:00,80.0,386.23221941664417
2017-02-18 05:00:00,74.0,360.35071822764525
2017-02-18 06:00:00,74.0,301.1577866520045
2017-02-18 07:00:00,71.0,245.43275219248673
2017-02-18 08:00:00,70.0,241.49036871877846
2017-02-18 09:00:00,79.0,272.2521137254986
2017-02-18 10:00:00,75.0,221.36803918766014
2017-02-18 11:00:00,89.0,185.40009559539624
2017-02-18 12:00:00,94.0,210.40911918471943
2017-02-18 13:00:00,91.0,231.0324786873256
2017-02-18 14:00:00,87.0,246.27917560473225
2017-02-18 15:00:00,87.0,354.64099070435816
2017-02-18 16:00:00,92.0,366.72012695535216
2017-02-18 17:00:00,75.0,395.65252068904647
2017-02-18 18:00:00,62.0,411.7585695727297
2017-02-18 19:00:00,75.0,422.9401054524408
2017-02-18 20:00:00,90.0,420.3722755246913
2017-02-18 21:00:00,103.0,423.8179141386783
2017-02-18 22:00:00,108.0,443.44819290250246
2017-02-18 23:00:00,123.0,459.3483560808244
2017-02-19 00:00:00,129.0,490.2119265993309
2017-02-19 01:00:00,134.0,513.9844608395578
2017-02-19 02:00:00,144.0,487.0937335663957
2017-02-19 03:00:00,161.0,423.7163393270685
2017-02-19 04:00:00,169.0,386.23221941664417
2017-02-19 05:00:00,170.0,360.35071822764525
2017-02-19 06:00:00,167.0,301.15778665200446
2017-02-19 07:00:00,168.0,245.4327521924867
2017-02-19 08:00:00,169.0,241.49036871877843
2017-02-19 09:00:00,162.0,272.2521137254986
2017-02-19 10:00:00,162.0,221.36803918766014
2017-02-19 11:00:00,169.0,185.4000955953962
2017-02-19 12:00:00,195.0,210.4091191847194
2017-02-19 13:00:00,189.0,231.0324786873256
2017-02-19 14:00:00,168.0,246.27917560473225
2017-02-19 15:00:00,91.0,354.6409907043582
2017-02-19 16:00:00,17.0,366.7201269553522
2017-02-19 17:00:00,13.0,395.6525206890465
2017-02-19 18:00:00,7.0,411.75856957272975
2017-02-19 19:00:00,7.0,422.9401054524408
2017-02-19 20:00:00,12.0,420.3722755246913
2017-02-19 21:00:00,6.0,423.8179141386783
2017-02-19 22:00:00,8.0,443.4481929025025
2017-02-19 23:00:00,5.0,459.34835608082443
2017-02-20 00:00:00,5.0,490.211926599331
2017-02-20 01:00:00,3.0,513.9844608395578
2017-02-20 02:00:00,6.0,487.09373356639577
2017-02-20 03:00:00,3.0,423.7163393270685
2017-02-20 04:00:00,4.0,386.23221941664417
2017-02-20 05:00:00,8.0,360.35071822764525
2017-02-20 06:00:00,6.0,301.15778665200446
2017-02-20 07:00:00,3.0,245.43275219248673
2017-02-20 08:00:00,5.0,241.49036871877846
2017-02-20 09:00:00,3.0,272.2521137254986
2017-02-20 10:00:00,8.0,221.36803918766014
2017-02-20 11:00:00,9.0,185.40009559539624
2017-02-20 12:00:00,8.0,210.4091191847194
2017-02-20 13:00:00,7.0,231.0324786873256
2017-02-20 14:00:00,12.0,246.27917560473225
2017-02-20 15:00:00,11.333333333333334,354.64099070435816
2017-02-20 16:00:00,10.666666666666666,366.7201269553522
2017-02-20 17:00:00,10.0,395.65252068904647
2017-02-20 18:00:00,12.5,411.75856957272975
2017-02-20 19:00:00,15.0,422.9401054524408
2017-02-20 20:00:00,16.0,420.3722755246913
2017-02-20 21:00:00,20.0,423.8179141386783
2017-02-20 22:00:00,25.0,443.4481929025025
2017-02-20 23:00:00,28.0,459.34835608082443
2017-02-21 00:00:00,34.0,490.211926599331
2017-02-21 01:00:00,40.0,513.9844608395578
2017-02-21 02:00:00,46.0,487.09373356639577
2017-02-21 03:00:00,50.0,423.7163393270685
2017-02-21 04:00:00,63.33333333333333,386.23221941664417
2017-02-21 05:00:00,76.66666666666666,360.35071822764525
2017-02-21 06:00:00,90.0,301.15778665200446
2017-02-21 07:00:00,84.66666666666667,245.43275219248673
2017-02-21 08:00:00,79.33333333333333,241.49036871877846
2017-02-21 09:00:00,74.0,272.2521137254986
2017-02-21 10:00:00,102.0,221.36803918766014
2017-02-21 11:00:00,96.5,185.40009559539624
2017-02-21 12:00:00,91.0,210.4091191847194
2017-02-21 13:00:00,66.5,231.0324786873256
2017-02-21 14:00:00,42.0,246.27917560473225
2017-02-21 15:00:00,40.0,354.64099070435816
2017-02-21 16:00:00,28.0,366.7201269553522
2017-02-21 17:00:00,21.0,395.65252068904647
2017-02-21 18:00:00,29.0,411.75856957272975
2017-02-21 19:00:00,31.0,422.9401054524408
2017-02-21 20:00:00,47.0,420.3722755246913
2017-02-21 21:00:00,67.0,423.8179141386783
2017-02-21 22:00:00,60.0,443.4481929025025
2017-02-21 23:00:00,62.0,459.34835608082443
2017-02-22 00:00:00,55.0,490.211926599331
2017-02-22 01:00:00,70.0,513.9844608395578
2017-02-22 02:00:00,81.0,487.09373356639577
2017-02-22 03:00:00,88.0,423.7163393270685
2017-02-22 04:00:00,86.0,386.23221941664417
2017-02-22 05:00:00,86.0,360.35071822764525
2017-02-22 06:00:00,91.0,301.15778665200446
2017-02-22 07:00:00,95.0,245.43275219248673
2017-02-22 08:00:00,95.0,241.49036871877846
2017-02-22 09:00:00,108.0,272.2521137254986
2017-02-22 10:00:00,114.0,221.36803918766014
2017-02-22 11:00:00,131.0,185.40009559539624
2017-02-22 12:00:00,142.0,210.4091191847194
2017-02-22 13:00:00,139.0,231.0324786873256
2017-02-22 14:00:00,147.0,246.27917560473225
2017-02-22 15:00:00,145.0,354.64099070435816
2017-02-22 16:00:00,131.0,366.7201269553522
2017-02-22 17:00:00,28.0,395.65252068904647
2017-02-22 18:00:00,11.0,411.75856957272975
2017-02-22 19:00:00,10.0,422.9401054524408
2017-02-22 20:00:00,14.0,420.3722755246913
2017-02-22 21:00:00,14.0,423.8179141386783
2017-02-22 22:00:00,15.0,443.4481929025025
2017-02-22 23:00:00,12.0,459.34835608082443
2017-02-23 00:00:00,13.0,490.211926599331
2017-02-23 01:00:00,15.0,513.9844608395578
2017-02-23 02:00:00,11.0,487.09373356639577
2017-02-23 03:00:00,12.0,423.7163393270685
2017-02-23 04:00:00,15.0,386.23221941664417
2017-02-23 05:00:00,13.0,360.35071822764525
2017-02-23 06:00:00,13.0,301.15778665200446
2017-02-23 07:00:00,11.0,245.43275219248673
2017-02-23 08:00:00,15.0,241.49036871877846
2017-02-23 09:00:00,12.0,272.2521137254986
2017-02-23 10:00:00,11.0,221.36803918766014
2017-02-23 11:00:00,13.0,185.40009559539624
2017-02-23 12:00:00,13.0,210.4091191847194
2017-02-23 13:00:00,12.0,231.0324786873256
2017-02-23 14:00:00,3.0,246.27917560473225
2017-02-23 15:00:00,18.0,354.64099070435816
2017-02-23 16:00:00,31.0,366.7201269553522
2017-02-23 17:00:00,23.0,395.65252068904647
2017-02-23 18:00:00,10.0,411.75856957272975
2017-02-23 19:00:00,6.0,422.9401054524408
2017-02-23 20:00:00,33.0,420.3722755246913
2017-02-23 21:00:00,26.0,423.8179141386783
2017-02-23 22:00:00,30.0,443.4481929025025
2017-02-23 23:00:00,45.0,459.34835608082443
2017-02-24 00:00:00,46.0,490.211926599331
2017-02-24 01:00:00,48.0,513.9844608395578
2017-02-24 02:00:00,36.0,487.09373356639577
2017-02-24 03:00:00,36.0,423.7163393270685
2017-02-24 04:00:00,28.0,386.23221941664417
2017-02-24 05:00:00,23.0,360.35071822764525
2017-02-24 06:00:00,16.0,301.15778665200446
2017-02-24 07:00:00,20.0,245.43275219248673
2017-02-24 08:00:00,20.0,241.49036871877846
2017-02-24 09:00:00,26.0,272.2521137254986
2017-02-24 10:00:00,23.0,221.36803918766014
2017-02-24 11:00:00,22.0,185.40009559539624
2017-02-24 12:00:00,21.0,210.4091191847194
2017-02-24 13:00:00,16.0,231.0324786873256
2017-02-24 14:00:00,16.0,246.27917560473225
2017-02-24 15:00:00,18.0,354.64099070435816
2017-02-24 16:00:00,11.0,366.7201269553522
2017-02-24 17:00:00,11.0,395.65252068904647
2017-02-24 18:00:00,9.0,411.75856957272975
2017-02-24 19:00:00,11.0,422.9401054524408
2017-02-24 20:00:00,10.0,420.3722755246913
2017-02-24 21:00:00,14.0,423.8179141386783
2017-02-24 22:00:00,18.0,443.4481929025025
2017-02-24 23:00:00,18.0,459.34835608082443
2017-02-25 00:00:00,12.0,490.211926599331
2017-02-25 01:00:00,7.0,513.9844608395578
2017-02-25 02:00:00,11.0,487.09373356639577
2017-02-25 03:00:00,7.0,423.7163393270685
2017-02-25 04:00:00,13.0,386.23221941664417
2017-02-25 05:00:00,13.0,360.35071822764525
2017-02-25 06:00:00,3.0,301.15778665200446
2017-02-25 07:00:00,11.0,245.43275219248673
2017-02-25 08:00:00,5.0,241.49036871877846
2017-02-25 09:00:00,7.0,272.2521137254986
2017-02-25 10:00:00,17.0,221.36803918766014
2017-02-25 11:00:00,9.0,185.40009559539624
2017-02-25 12:00:00,12.0,210.4091191847194
2017-02-25 13:00:00,7.0,231.0324786873256
2017-02-25 14:00:00,10.0,246.27917560473225
2017-02-25 15:00:00,8.0,354.64099070435816
2017-02-25 16:00:00,9.0,366.7201269553522
2017-02-25 17:00:00,11.0,395.65252068904647
2017-02-25 18:00:00,14.0,411.75856957272975
2017-02-25 19:00:00,14.0,422.9401054524408
2017-02-25 20:00:00,17.0,420.3722755246913
2017-02-25 21:00:00,12.0,423.8179141386783
2017-02-25 22:00:00,25.0,443.4481929025025
2017-02-25 23:00:00,15.0,459.34835608082443
2017-02-26 00:00:00,24.0,490.211926599331
2017-02-26 01:00:00,22.0,513.9844608395578
2017-02-26 02:00:00,19.0,487.09373356639577
2017-02-26 03:00:00,18.0,423.7163393270685
2017-02-26 04:00:00,18.0,386.23221941664417
2017-02-26 05:00:00,25.0,360.35071822764525
2017-02-26 06:00:00,30.0,301.15778665200446
2017-02-26 07:00:00,32.0,245.43275219248673
2017-02-26 08:00:00,30.0,241.49036871877846
2017-02-26 09:00:00,19.0,272.2521137254986
2017-02-26 10:00:00,20.0,221.36803918766014
2017-02-26 11:00:00,31.0,185.40009559539624
2017-02-26 12:00:00,26.0,210.4091191847194
2017-02-26 13:00:00,23.0,231.0324786873256
2017-02-26 14:00:00,24.0,246.27917560473225
2017-02-26 15:00:00,24.0,354.64099070435816
2017-02-26 16:00:00,26.0,366.7201269553522
2017-02-26 17:00:00,29.0,395.65252068904647
2017-02-26 18:00:00,30.0,411.75856957272975
2017-02-26 19:00:00,30.0,422.9401054524408
2017-02-26 20:00:00,36.0,420.3722755246913
2017-02-26 21:00:00,42.0,423.8179141386783
2017-02-26 22:00:00,51.0,443.4481929025025
2017-02-26 23:00:00,46.0,459.34835608082443
2017-02-27 00:00:00,38.0,490.211926599331
2017-02-27 01:00:00,55.0,513.9844608395578
2017-02-27 02:00:00,77.0,487.09373356639577
2017-02-27 03:00:00,85.0,423.7163393270685
2017-02-27 04:00:00,94.0,386.23221941664417
2017-02-27 05:00:00,96.0,360.35071822764525
2017-02-27 06:00:00,80.0,301.15778665200446
2017-02-27 07:00:00,73.0,245.43275219248673
2017-02-27 08:00:00,61.0,241.49036871877846
2017-02-27 09:00:00,52.0,272.2521137254986
2017-02-27 10:00:00,89.0,221.36803918766014
2017-02-27 11:00:00,122.0,185.40009559539624
2017-02-27 12:00:00,115.66666666666667,210.4091191847194
2017-02-27 13:00:00,109.33333333333333,231.0324786873256
2017-02-27 14:00:00,103.0,246.27917560473225
2017-02-27 15:00:00,95.0,354.64099070435816
2017-02-27 16:00:00,75.0,366.7201269553522
2017-02-27 17:00:00,58.0,395.65252068904647
2017-02-27 18:00:00,47.0,411.75856957272975
2017-02-27 19:00:00,51.0,422.9401054524408
2017-02-27 20:00:00,51.0,420.3722755246913
2017-02-27 21:00:00,53.0,423.8179141386783
2017-02-27 22:00:00,58.0,443.4481929025025
2017-02-27 23:00:00,70.0,459.34835608082443
2017-02-28 00:00:00,56.0,490.211926599331
2017-02-28 01:00:00,15.0,513.9844608395578
2017-02-28 02:00:00,9.0,487.09373356639577
2017-02-28 03:00:00,7.0,423.7163393270685
2017-02-28 04:00:00,13.0,386.23221941664417
2017-02-28 05:00:00,12.0,360.35071822764525
2017-02-28 06:00:00,9.0,301.15778665200446
2017-02-28 07:00:00,11.0,245.43275219248673
2017-02-28 08:00:00,13.0,241.49036871877846
2017-02-28 09:00:00,12.0,272.2521137254986
2017-02-28 10:00:00,11.0,221.36803918766014
2017-02-28 11:00:00,7.0,185.40009559539624
2017-02-28 12:00:00,6.0,210.4091191847194
2017-02-28 13:00:00,6.0,231.0324786873256
2017-02-28 14:00:00,5.0,246.27917560473225
2017-02-28 15:00:00,6.0,354.64099070435816
2017-02-28 16:00:00,12.0,366.7201269553522
2017-02-28 17:00:00,12.0,395.65252068904647
2017-02-28 18:00:00,13.0,411.75856957272975
2017-02-28 19:00:00,12.0,422.9401054524408
2017-02-28 20:00:00,13.0,420.3722755246913
2017-02-28 21:00:00,16.0,423.8179141386783
2017-02-28 22:00:00,21.0,443.4481929025025
2017-02-28 23:00:00,19.0,459.34835608082443
